Trans_ID,Product_ID,Cust_ID,Purchase_Date,GLYear,Week,GLPeriod,Selling_Branch,TONS
1001,7F0006,0344,3/4/2024,2024,1,1,0R01, 5.00 
1002,7F0122,ABBO,3/5/2024,2024,1,1,0R01, 4.04 
1003,7F0006,0344,3/6/2024,2024,2,1,0R01, 2.53 
1004,7F0437,GECO,3/7/2024,2024,2,1,0R01, 13.12 
1005,7F0445,GECO,3/8/2024,2024,2,1,0R01, 4.05 
1006,7F0125,ABBO,3/9/2024,2024,3,1,0R01, 4.03 
1007,7F0437,GECO,3/10/2024,2024,3,1,0R01, 7.04 
1008,7F0467,ABBO,3/11/2024,2024,3,1,0R01, 3.99 
1009,7F0006,0344,3/12/2024,2024,4,1,0R01, 0.01 
1010,7B1000,NUCO,3/13/2024,2024,6,2,0400, 67.08 
1011,7F0437,GECO,3/14/2024,2024,6,2,0R01, 6.06 
1012,7F0445,GECO,3/15/2024,2024,6,2,0R01, 4.07 
1013,7B1000,NUCO,3/16/2024,2024,7,2,0400, 67.26 
1014,7B1000,NUCO,3/17/2024,2024,8,2,0400, 69.74 
1015,7CS128,CONT,3/18/2024,2024,8,2,0400, 4.81 
1016,7CS135,CONT,3/19/2024,2024,8,2,0400, 1.45 
1017,7B1000,NUCO,3/20/2024,2024,9,3,0400, 69.61 
1018,7F0006,0344,3/21/2024,2024,10,3,0R01, 5.05 
1019,7CS115,CONT,3/22/2024,2024,11,3,0400, 9.36 
1020,7CS120,CONT,3/23/2024,2024,11,3,0400, 9.21 
1021,7CS120,CONT,3/24/2024,2024,12,3,0400, 21.05 
1022,7F0006,0344,3/25/2024,2024,12,3,0R01, 5.05 
1023,7C3999,AVIG,3/26/2024,2024,12,3,0R01, 6.23 
1024,7CS120,CONT,4/8/2024,2024,16,4,0400, 9.31 
1025,7CS128,CONT,4/9/2024,2024,16,4,0400, 3.96 
1026,7C3999,AVIG,4/10/2024,2024,17,4,0R01, 1.50 
1027,7CS120,CONT,4/11/2024,2024,18,5,0400, 4.59 
1028,7CS128,CONT,4/12/2024,2024,18,5,0400, 2.14 
1029,7C3999,AVIG,4/13/2024,2024,21,5,0R01, 1.56 
1030,7F0006,0344,4/14/2024,2024,23,6,0R01, 5.07 
1031,7F0006,0344,4/15/2024,2024,25,6,0R01, 5.07 
1032,7C3999,AVIG,4/16/2024,2024,26,6,0R01, 1.64 
1033,7CS128,CONT,4/17/2024,2024,31,8,0400, 5.42 
1034,7CS135,CONT,4/18/2024,2024,31,8,0400, 0.83 
1035,7C3998,AVIG,4/19/2024,2024,32,8,0R01, 3.70 
1036,7C3999,AVIG,4/20/2024,2024,32,8,0R01, 2.30 
1037,7C2998,CONT,4/21/2024,2024,36,9,0R01, 0.69 
1038,7CS120,CONT,4/22/2024,2024,37,9,0400, 10.12 
1039,7CS128,CONT,4/23/2024,2024,37,9,0400, 1.25 
1040,7CS135,CONT,3/18/2024,2024,37,9,0400, 4.29 
1041,7F0122,ABBO,3/19/2024,2024,43,10,0R01, 5.02 
1042,7F0125,ABBO,3/20/2024,2024,43,10,0R01, 5.06 
1043,7F0452,ABBO,3/21/2024,2024,43,10,0R01, 5.00 
1044,7F0006,0344,3/22/2024,2024,44,11,0R01, 5.15 
1045,7F0006,0344,3/23/2024,2024,48,12,0R01, 5.15 
1046,8Z0070,ACCE,3/24/2024,2024,1,1,0400, 21.02 
1047,8Z0150,INTE,3/25/2024,2024,1,1,0400, 10.63 
1048,8Z0150,INTE,3/26/2024,2024,3,1,0400, 10.07 
1049,8Z0150,INTE,4/8/2024,2024,5,2,0400, 10.10 
1050,8Z0070,ACCE,4/9/2024,2024,7,2,0400, 20.78 
1051,8Z0150,SYLV,4/10/2024,2024,7,2,0400, 21.24 
1052,8Z0150,OVAL,4/11/2024,2024,8,2,0400, 10.13 
1053,8Z0070,ACCE,4/12/2024,2024,12,3,0400, 21.02 
1054,8Z0150,INTE,4/13/2024,2024,16,4,0400, 10.04 
1055,8Z0150,OVAL,4/14/2024,2024,16,4,0400, 10.56 
1056,8Z0070,ACCE,10/12/2024,2024,19,5,0400, 20.42 
1057,8Z0150,INTE,10/13/2024,2024,23,6,0400, 10.04 
1058,8Z0070,ACCE,10/14/2024,2024,26,6,0400, 21.20 
1059,8Z0150,INTE,10/15/2024,2024,26,6,0400, 10.53 
1060,8Z0150,INTE,10/16/2024,2024,28,7,0400, 10.40 
1061,8Z0150,INTE,10/17/2024,2024,30,7,0400, 10.63 
1062,8Z0150,OVAL,10/18/2024,2024,30,7,0400, 17.42 
1063,8Z0070,ACCE,10/19/2024,2024,33,8,0400, 20.80 
1064,8Z0150,INTE,10/20/2024,2024,33,8,0400, 10.48 
1065,8Z0150,INTE,10/21/2024,2024,34,8,0400, 10.42 
1066,8Z0070,ACCE,10/22/2024,2024,38,9,0400, 21.20 
1067,8Z0150,INTE,10/23/2024,2024,39,9,0400, 10.76 
1068,8Z0070,ACCE,10/24/2024,2024,41,10,0400, (0.26)
1069,8Z0150,INTE,7/4/2024,2024,41,10,0400, 10.47 
1070,8Z0150,INTE,7/5/2024,2024,42,10,0400, 10.31 
1071,8Z0070,ACCE,7/6/2024,2024,43,10,0400, 21.00 
1072,8Z0150,INTE,7/7/2024,2024,43,10,0400, 10.17 
1073,8Z0070,ACCE,7/8/2024,2024,49,12,0400, 20.87 
1074,8Z0150,INTE,7/9/2024,2024,49,12,0400, 21.48 
1075,8Z0051,ACCE,7/10/2024,2024,1,1,0400, 3.23 
1076,8Z0148,ALAB,7/11/2024,2024,1,1,0400, 10.59 
1077,8Z0051,ACCE,7/12/2024,2024,2,1,0400, 4.75 
1078,8Z0148,ALAB,7/13/2024,2024,2,1,0400, 9.99 
1079,8Z0148,SAPP,7/14/2024,2024,2,1,0400, 10.49 
1080,8Z0149,WEST,7/15/2024,2024,2,1,0400, 10.27 
1081,8Z0051,ACCE,7/16/2024,2024,3,1,0400, 0.35 
1082,8Z0148,SAPP,12/25/2024,2024,3,1,0400, 10.44 
1083,8Z0148,ALAB,12/26/2024,2024,4,1,0400, 21.13 
1084,8Z0149,NEW ,12/27/2024,2024,4,1,0400, 5.01 
1085,8Z0149,RESO,12/28/2024,2024,4,1,0400, 4.52 
1086,8Z0151,DOMT,12/29/2024,2024,4,1,0400, 11.90 
1087,8Z0151,DOMT,12/30/2024,2024,4,1,0400, 21.05 
1088,8Z0148,ALAB,12/31/2024,2024,6,2,0400, 20.83 
1089,8Z0148,INTE,1/1/2025,2025,6,2,0400, 10.35 
1090,8Z0148,WOOD,1/2/2025,2025,6,2,0400, 20.61 
1091,8Z0149,WEST,1/3/2025,2025,6,2,0400, 10.04 
1092,8Z0148,OVAL,1/4/2025,2025,7,2,0400, 20.76 
1093,8Z0151,OVAL,1/5/2025,2025,7,2,0400, 20.88 
1094,8Z0088,ACCE,1/6/2025,2025,8,2,0400, 0.70 
1095,8Z0148,SAPP,1/7/2025,2025,8,2,0400, 20.84 
1096,8Z0148,ALAB,3/12/2025,2025,9,3,0400, 11.16 
1097,8Z0149,NEW ,3/13/2025,2025,9,3,0400, 21.14 
1098,8Z0051,ACCE,3/14/2025,2025,10,3,0400, 0.81 
1099,8Z0148,ALAB,3/15/2025,2025,10,3,0400, 10.28 
1100,8Z0051,ACCE,3/16/2025,2025,12,3,0400, 13.03 
1101,8Z0148,INTE,3/17/2025,2025,12,3,0400, 11.29 
1102,8Z0148,SAPP,3/18/2025,2025,12,3,0400, 21.27 
1103,8Z0148,WOOD,3/19/2025,2025,12,3,0400, 20.94 
1104,8Z0149,WEST,3/20/2025,2025,13,3,0400, 6.50 
1105,8Z0149,WEST,3/21/2025,2025,14,4,0400, 15.29 
1106,8Z0051,ACCE,3/22/2025,2025,15,4,0400, 3.31 
1107,8Z0148,ALAB,2/12/2024,2024,15,4,0400, 21.45 
1108,8Z0148,INTE,2/13/2024,2024,16,4,0400, 10.28 
1109,8Z0149,NEW ,2/14/2024,2024,16,4,0400, 10.16 
1110,8Z0149,OVAL,2/15/2024,2024,16,4,0400, 10.31 
1111,8Z0148,INTE,2/16/2024,2024,17,4,0400, 21.23 
1112,8Z0051,ACCE,2/17/2024,2024,18,5,0400, 2.57 
1113,8Z0149,NEW ,2/18/2024,2024,18,5,0400, 10.63 
1114,8Z0148,ALAB,2/19/2024,2024,19,5,0400, 20.82 
1115,8Z0148,WOOD,2/20/2024,2024,19,5,0400, 20.53 
1116,8Z0149,RESO,2/21/2024,2024,19,5,0400, 8.14 
1117,8Z0051,ACCE,2/22/2024,2024,20,5,0400, 0.83 
1118,8Z0148,PHOE,2/23/2024,2024,20,5,0400, 21.30 
1119,8Z0088,ACCE,2/24/2024,2024,21,5,0400, 0.92 
1120,8Z0051,ACCE,2/25/2024,2024,22,6,0400, 0.85 
1121,8Z0148,ALAB,2/26/2024,2024,22,6,0400, 20.71 
1122,8Z0051,ACCE,2/27/2024,2024,23,6,0400, 2.02 
1123,8Z0148,ALAB,2/28/2024,2024,25,6,0400, 20.57 
1124,8Z0148,INTE,2/29/2024,2024,26,6,0400, 10.23 
1125,8Z0151,DOMT,3/1/2024,2024,26,6,0400, 21.70 
1126,8Z0148,WOOD,3/2/2024,2024,27,7,0400, 20.24 
1127,8Z0051,ACCE,3/3/2024,2024,28,7,0400, 0.82 
1128,8Z0148,ALAB,3/4/2024,2024,28,7,0400, 21.35 
1129,8Z0149,NEW ,8/8/2024,2024,28,7,0400, 21.35 
1130,8Z0148,SAPP,8/9/2024,2024,29,7,0400, 20.88 
1131,8Z0051,ACCE,8/10/2024,2024,30,7,0400, 0.80 
1132,8Z0148,ALAB,8/11/2024,2024,30,7,0400, 20.72 
1133,8Z0149,OVAL,8/12/2024,2024,30,7,0400, 11.14 
1134,8Z0151,OVAL,8/13/2024,2024,30,7,0400, 13.60 
1135,8Z0051,ACCE,8/14/2024,2024,31,8,0400, 1.76 
1136,8Z0148,INTE,8/15/2024,2024,31,8,0400, 21.18 
1137,8Z0148,SAPP,8/16/2024,2024,32,8,0400, 20.74 
1138,8Z0148,ALAB,8/17/2024,2024,33,8,0400, 20.68 
1139,8Z0051,ACCE,8/18/2024,2024,34,8,0400, 1.73 
1140,8Z0148,OVAL,8/19/2024,2024,34,8,0400, 20.52 
1141,8Z0148,WOOD,8/20/2024,2024,34,8,0400, 20.25 
1142,8Z0149,RESO,8/21/2024,2024,35,9,0400, 10.30 
1143,8Z0151,DOMT,8/22/2024,2024,35,9,0400, 8.57 
1144,8Z0088,ACCE,8/23/2024,2024,36,9,0400, 0.95 
1145,8Z0148,ALAB,8/24/2024,2024,36,9,0400, 20.64 
1146,8Z0148,SAPP,8/25/2024,2024,36,9,0400, 20.80 
1147,8Z0149,NEW ,8/26/2024,2024,36,9,0400, 21.22 
1148,8Z0151,DOMT,9/3/2024,2024,36,9,0400, 21.20 
1149,8Z0051,ACCE,9/4/2024,2024,37,9,0400, 1.67 
1150,8Z0088,ACCE,9/5/2024,2024,37,9,0400, 0.86 
1151,8Z0148,INTE,9/6/2024,2024,37,9,0400, 20.90 
1152,8Z0148,WOOD,9/7/2024,2024,37,9,0400, 21.22 
1153,8Z0151,DOMT,9/8/2024,2024,37,9,0400, 15.54 
1154,8Z0148,ALAB,9/9/2024,2024,38,9,0400, 20.96 
1155,8Z0148,WOOD,9/10/2024,2024,38,9,0400, 21.35 
1156,8Z0148,INTE,9/11/2024,2024,39,9,0400, 9.99 
1157,8Z0148,OVAL,9/12/2024,2024,39,9,0400, 10.96 
1158,8Z0148,PHOE,9/13/2024,2024,39,9,0400, 21.50 
1159,8Z0151,OVAL,9/14/2024,2024,39,9,0400, 9.97 
1160,8Z0051,ACCE,9/15/2024,2024,40,10,0400, 1.64 
1161,8Z0148,WOOD,9/16/2024,2024,40,10,0400, 20.69 
1162,8Z0051,ACCE,9/17/2024,2024,41,10,0400, 11.35 
1163,8Z0148,ALAB,9/18/2024,2024,41,10,0400, 20.81 
1164,8Z0148,INTE,9/19/2024,2024,41,10,0400, 10.34 
1165,8Z0148,OVAL,9/20/2024,2024,42,10,0400, 21.15 
1166,8Z0148,WOOD,9/21/2024,2024,42,10,0400, 6.32 
1167,8Z0148,ALAB,9/22/2024,2024,43,10,0400, 20.85 
1168,8Z0148,WOOD,9/23/2024,2024,43,10,0400, 14.60 
1169,8Z0149,NEW ,9/24/2024,2024,43,10,0400, 20.61 
1170,8Z0051,ACCE,9/25/2024,2024,45,11,0400, 0.86 
1171,8Z0148,ALAB,9/26/2024,2024,45,11,0400, 21.17 
1172,8Z0051,ACCE,9/27/2024,2024,46,11,0400, 1.55 
1173,8Z0148,INTE,9/28/2024,2024,46,11,0400, 10.38 
1174,8Z0148,WOOD,1/2/2024,2024,46,11,0400, 21.00 
1175,8Z0151,DOMT,1/3/2024,2024,46,11,0400, 10.28 
1176,8Z0148,SAPP,1/4/2024,2024,47,11,0400, (0.95)
1177,8Z0151,DOMT,1/5/2024,2024,48,12,0400, 21.07 
1178,8Z0148,INTE,1/6/2024,2024,49,12,0400, 11.06 
1179,8Z0148,PHOE,1/7/2024,2024,49,12,0400, 20.86 
1180,8Z0151,DOMT,1/8/2024,2024,49,12,0400, 21.54 
1181,8Z0151,DOMT,1/9/2024,2024,49,12,0400, 0.75 
1182,8Z0051,ACCE,1/10/2024,2024,50,12,0400, 1.63 
1183,8Z0148,ALAB,1/11/2024,2024,50,12,0400, 21.12 
1184,8Z0148,INTE,1/12/2024,2024,50,12,0400, 10.42 
1185,8Z0151,DOMT,1/13/2024,2024,50,12,0400, 9.53 
1186,8Z0051,ACCE,1/14/2024,2024,51,12,0400, 0.76 
1187,7F0305,ARCO,1/15/2024,2024,51,12,0R01, 2.52 
1188,8Z0149,NEW ,1/16/2024,2024,52,12,0400, 17.89 
1189,8Z0151,DOMT,1/17/2024,2024,52,12,0400, 6.79 
1190,8Z0111,ACCE,1/18/2024,2024,1,1,0400, 93.66 
1191,8Z0197,ACCE,1/19/2024,2024,1,1,0400, 14.58 
1192,8Z0327,ACCE,1/20/2024,2024,1,1,0400, 10.80 
1193,8Z0328,ACCE,1/21/2024,2024,1,1,0400, 28.86 
1194,8Z0392,ACCE,1/22/2024,2024,1,1,0400, 21.62 
1195,8Z0111,ACCE,1/23/2024,2024,2,1,0400, 161.90 
1196,8Z0197,ACCE,1/24/2024,2024,2,1,0400, 31.16 
1197,8Z0111,ACCE,1/25/2024,2024,3,1,0400, 87.57 
1198,8Z0197,ACCE,1/26/2024,2024,3,1,0400, 7.77 
1199,8Z0327,ACCE,1/27/2024,2024,3,1,0400, 5.59 
1200,8Z0392,ACCE,1/28/2024,2024,3,1,0400, 2.10 
1201,8Z0111,ACCE,1/29/2024,2024,4,1,0400, 166.99 
1202,8Z0111,CAVE,1/30/2024,2024,4,1,0400, 9.60 
1203,8Z0111,WIRE,5/2/2024,2024,4,1,0400, 2.68 
1204,8Z0328,ACCE,5/3/2024,2024,4,1,0400, 26.30 
1205,8Z0392,ACCE,5/4/2024,2024,4,1,0400, 3.43 
1206,7F0301,ARCO,5/5/2024,2024,4,1,0R01, 10.43 
1207,8Z0111,ACCE,5/6/2024,2024,5,2,0400, 95.12 
1208,8Z0197,ACCE,5/7/2024,2024,5,2,0400, 9.93 
1209,8Z0328,ACCE,5/8/2024,2024,5,2,0400, 15.38 
1210,8Z0392,ACCE,5/9/2024,2024,5,2,0400, 0.87 
1211,8Z0111,ACCE,5/10/2024,2024,6,2,0400, 249.92 
1212,8Z0197,ACCE,5/11/2024,2024,6,2,0400, 11.25 
1213,8Z0327,ACCE,5/12/2024,2024,6,2,0400, 8.81 
1214,8Z0328,ACCE,5/13/2024,2024,6,2,0400, 11.17 
1215,8Z0392,ACCE,5/14/2024,2024,6,2,0400, 8.16 
1216,8Z0111,ACCE,5/15/2024,2024,7,2,0400, 136.28 
1217,8Z0328,ACCE,5/16/2024,2024,7,2,0400, 31.19 
1218,8Z0392,ACCE,5/17/2024,2024,7,2,0400, 20.28 
1219,7F0301,ARCO,2/2/2025,2024,7,2,0R01, 10.14 
1220,8Z0111,ACCE,2/3/2025,2025,8,2,0400, 57.93 
1221,8Z0111,CAVE,2/4/2025,2025,8,2,0400, 21.29 
1222,8Z0327,ACCE,2/5/2025,2025,8,2,0400, (1.18)
1223,8Z0328,ACCE,2/6/2025,2025,8,2,0400, 9.55 
1224,8Z0111,ACCE,2/7/2025,2025,9,3,0400, 53.75 
1225,8Z0111,CAVE,2/8/2025,2025,9,3,0400, 20.76 
1226,8Z0197,ACCE,2/9/2025,2025,9,3,0400, 8.44 
1227,8Z0328,ACCE,2/10/2025,2025,9,3,0400, 8.56 
1228,8Z0392,ACCE,2/11/2025,2025,9,3,0400, 0.26 
1229,7F0301,ARCO,2/12/2025,2025,9,3,0R01, 10.38 
1230,8Z0111,ACCE,2/13/2025,2025,10,3,0400, 52.27 
1231,8Z0197,ACCE,2/14/2025,2025,10,3,0400, 2.68 
1232,8Z0327,ACCE,2/15/2025,2025,10,3,0400, 21.50 
1233,8Z0111,ACCE,2/16/2025,2025,11,3,0400, 224.28 
1234,8Z0197,ACCE,2/17/2025,2025,11,3,0400, 10.21 
1235,8Z0392,ACCE,2/18/2025,2025,11,3,0400, 0.27 
1236,8Z0111,ACCE,2/19/2025,2025,12,3,0400, 108.26 
1237,8Z0197,ACCE,2/20/2025,2025,12,3,0400, 0.88 
1238,8Z0327,ACCE,2/21/2025,2025,12,3,0400, 8.44 
1239,8Z0328,ACCE,2/22/2025,2025,12,3,0400, 26.21 
1240,8Z0392,ACCE,2/23/2025,2025,12,3,0400, 21.32 
1241,7F0301,ARCO,2/24/2025,2025,12,3,0R01, 6.11 
1242,8Z0111,ACCE,2/25/2025,2025,13,3,0400, 110.68 
1243,8Z0328,ACCE,2/26/2025,2025,13,3,0400, (11.84)
1244,7F0301,ARCO,2/27/2025,2025,13,3,0R01, 10.55 
1245,8Z0111,ACCE,2/28/2025,2025,14,4,0400, 156.72 
1246,8Z0197,ACCE,3/1/2025,2025,14,4,0400, 2.68 
1247,8Z0327,ACCE,3/2/2025,2025,14,4,0400, 41.40 
1248,8Z0328,ACCE,3/3/2025,2025,14,4,0400, 10.67 
1249,8Z0392,ACCE,3/4/2025,2025,14,4,0400, 0.24 
1250,8Z0111,ACCE,3/5/2025,2025,15,4,0400, 52.71 
1251,8Z0327,ACCE,3/6/2025,2025,15,4,0400, 10.06 
1252,8Z0392,ACCE,3/7/2025,2025,15,4,0400, (0.56)
1253,8Z0111,ACCE,3/8/2025,2025,16,4,0400, 112.03 
1254,8Z0197,ACCE,3/9/2025,2025,16,4,0400, 2.74 
1255,8Z0327,ACCE,3/10/2025,2025,16,4,0400, 6.56 
1256,8Z0328,ACCE,3/11/2025,2025,16,4,0400, 2.20 
1257,7F0301,ARCO,3/12/2025,2025,16,4,0R01, 10.34 
1258,8Z0111,ACCE,3/13/2025,2025,17,4,0400, 176.88 
1259,8Z0197,ACCE,3/14/2025,2025,17,4,0400, 4.50 
1260,8Z0328,ACCE,3/15/2025,2025,17,4,0400, 10.91 
1261,8Z0111,ACCE,3/16/2025,2025,18,5,0400, 173.54 
1262,8Z0197,ACCE,3/17/2025,2025,18,5,0400, 11.68 
1263,8Z0328,ACCE,3/18/2025,2025,18,5,0400, 17.73 
1264,8Z0111,ACCE,3/19/2025,2025,19,5,0400, 82.54 
1265,8Z0392,ACCE,3/20/2025,2025,19,5,0400, 21.07 
1266,8Z0111,ACCE,3/21/2025,2025,20,5,0400, 163.43 
1267,8Z0197,ACCE,3/22/2025,2025,20,5,0400, 2.64 
1268,8Z0327,ACCE,3/23/2025,2025,20,5,0400, 5.03 
1269,8Z0328,ACCE,3/24/2025,2025,20,5,0400, 7.17 
1270,8Z0111,ACCE,3/25/2025,2025,21,5,0400, 63.71 
1271,8Z0392,ACCE,3/26/2025,2025,21,5,0400, (0.57)
1272,8Z0111,ACCE,3/27/2025,2025,22,6,0400, 120.46 
1273,8Z0197,ACCE,3/28/2025,2025,22,6,0400, 32.61 
1274,8Z0392,ACCE,3/29/2025,2025,22,6,0400, 0.25 
1275,8Z0111,ACCE,3/30/2025,2025,23,6,0400, 126.00 
1276,8Z0328,ACCE,3/31/2025,2025,23,6,0400, 21.13 
1277,8Z0392,ACCE,4/1/2025,2025,23,6,0400, 0.23 
1278,7F0366,WROU,4/2/2025,2025,23,6,0R01, 0.96 
1279,8Z0111,ACCE,10/2/2023,2023,24,6,0400, 32.90 
1280,8Z0111,ACCE,10/3/2023,2023,25,6,0400, 84.61 
1281,8Z0327,ACCE,10/4/2023,2023,25,6,0400, 14.89 
1282,8Z0392,ACCE,10/5/2023,2023,25,6,0400, 3.17 
1283,8Z0111,ACCE,10/6/2023,2023,26,6,0400, 32.80 
1284,8Z0392,ACCE,10/7/2023,2023,26,6,0400, 19.13 
1285,8Z0111,ACCE,10/8/2023,2023,27,7,0400, 124.89 
1286,8Z0197,ACCE,10/9/2023,2023,27,7,0400, 21.66 
1287,8Z0111,ACCE,10/10/2023,2023,28,7,0400, 20.60 
1288,8Z0197,ACCE,10/11/2023,2023,28,7,0400, 1.60 
1289,8Z0327,ACCE,10/12/2023,2023,28,7,0400, 18.33 
1290,8Z0328,ACCE,10/13/2023,2023,28,7,0400, 6.06 
1291,8Z0392,ACCE,10/14/2023,2023,28,7,0400, 2.40 
1292,7F0301,ARCO,10/15/2023,2023,28,7,0R01, 8.86 
1293,8Z0111,ACCE,10/16/2023,2023,29,7,0400, 167.35 
1294,8Z0111,ACCE,10/17/2023,2023,30,7,0400, 121.56 
1295,8Z0327,ACCE,10/18/2023,2023,30,7,0400, 5.59 
1296,8Z0328,ACCE,10/19/2023,2023,30,7,0400, 68.24 
1297,8Z0392,ACCE,10/20/2023,2023,30,7,0400, 0.64 
1298,7F0366,WROU,10/21/2023,2023,30,7,0R01, 1.69 
1299,8Z0111,ACCE,10/22/2023,2023,31,8,0400, 117.42 
1300,8Z0197,ACCE,10/23/2023,2023,31,8,0400, 2.55 
1301,8Z0327,ACCE,10/24/2023,2023,31,8,0400, 24.06 
1302,8Z0328,ACCE,10/25/2023,2023,31,8,0400, 2.27 
1303,8Z0392,ACCE,10/26/2023,2023,31,8,0400, 2.07 
1304,8Z0111,ACCE,10/27/2023,2023,32,8,0400, 150.00 
1305,8Z0327,ACCE,10/28/2023,2023,32,8,0400, 12.29 
1306,8Z0328,ACCE,10/29/2023,2023,32,8,0400, 4.40 
1307,8Z0392,ACCE,10/30/2023,2023,32,8,0400, 3.33 
1308,8Z0111,ACCE,10/31/2023,2023,33,8,0400, 53.11 
1309,8Z0327,ACCE,11/1/2023,2023,33,8,0400, 21.44 
1310,7F0301,ARCO,11/2/2023,2023,33,8,0R01, 10.19 
1311,8Z0111,ACCE,11/3/2023,2023,34,8,0400, 70.04 
1312,8Z0327,ACCE,11/4/2023,2023,34,8,0400, 17.33 
1313,8Z0328,ACCE,11/5/2023,2023,34,8,0400, 6.68 
1314,8Z0071,ACCE,11/6/2023,2023,35,9,0400, 2.33 
1315,8Z0111,ACCE,11/7/2023,2023,35,9,0400, 82.86 
1316,8Z0197,ACCE,11/8/2023,2023,35,9,0400, 21.80 
1317,8Z0327,ACCE,11/9/2023,2023,35,9,0400, 3.37 
1318,8Z0064,INDU,11/10/2023,2023,36,9,0400, 1.33 
1319,8Z0111,ACCE,11/11/2023,2023,36,9,0400, 113.81 
1320,8Z0328,ACCE,11/12/2023,2023,36,9,0400, 9.98 
1321,8Z0392,ACCE,11/13/2023,2023,36,9,0400, (0.95)
1322,8Z0111,ACCE,11/14/2023,2023,37,9,0400, 119.17 
1323,8Z0327,ACCE,11/15/2023,2023,37,9,0400, 10.90 
1324,8Z0392,ACCE,11/16/2023,2023,37,9,0400, 6.43 
1325,7F0301,ARCO,11/17/2023,2023,37,9,0R01, 9.54 
1326,8Z0111,ACCE,11/18/2023,2023,38,9,0400, 115.46 
1327,8Z0197,ACCE,11/19/2023,2023,38,9,0400, 4.41 
1328,8Z0327,ACCE,11/20/2023,2023,38,9,0400, 13.58 
1329,8Z0392,ACCE,11/21/2023,2023,38,9,0400, 1.29 
1330,8Z0111,ACCE,11/22/2023,2023,39,9,0400, 62.66 
1331,8Z0328,ACCE,11/23/2023,2023,39,9,0400, 11.17 
1332,8Z0392,ACCE,11/24/2023,2023,39,9,0400, 0.25 
1333,7F0301,ARCO,11/25/2023,2023,39,9,0R01, 9.33 
1334,8Z0111,ACCE,11/26/2023,2023,40,10,0400, 86.53 
1335,8Z0197,ACCE,11/27/2023,2023,40,10,0400, 3.48 
1336,8Z0327,ACCE,11/28/2023,2023,40,10,0400, 5.28 
1337,8Z0328,ACCE,11/29/2023,2023,40,10,0400, 2.24 
1338,8Z0392,ACCE,11/30/2023,2023,40,10,0400, 22.62 
1339,8Z0111,ACCE,12/1/2023,2023,41,10,0400, 87.69 
1340,8Z0197,ACCE,12/2/2023,2023,41,10,0400, 23.97 
1341,8Z0328,ACCE,12/3/2023,2023,41,10,0400, 36.01 
1342,8Z0392,ACCE,12/4/2023,2023,41,10,0400, 1.99 
1343,8Z0111,ACCE,12/5/2023,2023,42,10,0400, 39.84 
1344,8Z0392,ACCE,12/6/2023,2023,42,10,0400, 1.39 
1345,7F0301,ARCO,12/7/2023,2023,42,10,0R01, 8.11 
1346,8Z0111,ACCE,12/8/2023,2023,43,10,0400, 146.60 
1347,8Z0197,ACCE,12/9/2023,2023,43,10,0400, 0.91 
1348,8Z0327,ACCE,12/10/2023,2023,43,10,0400, 15.28 
1349,8Z0328,ACCE,12/11/2023,2023,43,10,0400, 11.35 
1350,8Z0392,ACCE,12/12/2023,2023,43,10,0400, 21.21 
1351,8Z0111,ACCE,12/13/2023,2023,44,11,0400, 188.60 
1352,8Z0197,ACCE,12/14/2023,2023,44,11,0400, 2.49 
1353,8Z0327,ACCE,12/15/2023,2023,44,11,0400, 10.87 
1354,8Z0328,ACCE,12/16/2023,2023,44,11,0400, 10.01 
1355,8Z0111,ACCE,12/17/2023,2023,45,11,0400, 101.00 
1356,8Z0197,ACCE,12/18/2023,2023,45,11,0400, 1.73 
1357,8Z0327,ACCE,12/19/2023,2023,45,11,0400, 6.77 
1358,8Z0328,ACCE,12/20/2023,2023,45,11,0400, 4.65 
1359,7F0301,ARCO,12/21/2023,2023,45,11,0R01, 8.10 
1360,8Z0111,ACCE,12/22/2023,2023,46,11,0400, 36.62 
1361,8Z0197,ACCE,12/23/2023,2023,46,11,0400, 4.36 
1362,8Z0327,ACCE,12/24/2023,2023,46,11,0400, 17.27 
1363,8Z0328,ACCE,12/25/2023,2023,46,11,0400, 9.64 
1364,8Z0392,ACCE,12/26/2023,2023,46,11,0400, 0.61 
1365,8Z0111,ACCE,12/27/2023,2023,47,11,0400, 20.60 
1366,8Z0111,ACCE,12/28/2023,2023,48,12,0400, 61.58 
1367,8Z0197,ACCE,12/29/2023,2023,48,12,0400, 1.60 
1368,8Z0328,ACCE,12/30/2023,2023,48,12,0400, 7.26 
1369,8Z0392,ACCE,3/7/2023,2023,48,12,0400, 2.43 
1370,8Z0111,ACCE,3/8/2023,2023,49,12,0400, 78.01 
1371,8Z0392,ACCE,3/9/2023,2023,49,12,0400, 20.95 
1372,7F0301,ARCO,3/10/2023,2023,49,12,0R01, 8.30 
1373,8Z0111,ACCE,3/11/2023,2023,50,12,0400, 95.72 
1374,8Z0327,ACCE,3/12/2023,2023,50,12,0400, 16.59 
1375,8Z0328,ACCE,3/13/2023,2023,50,12,0400, 23.53 
1376,8Z0392,ACCE,3/14/2023,2023,50,12,0400, 2.18 
1377,8Z0111,ACCE,3/15/2023,2023,51,12,0400, 82.09 
1378,8Z0197,ACCE,3/16/2023,2023,51,12,0400, 2.53 
1379,8Z0327,ACCE,3/17/2023,2023,51,12,0400, 20.83 
1380,7F0301,ARCO,3/18/2023,2023,51,12,0R01, 8.33 
1381,8Z0111,ACCE,3/19/2023,2023,52,12,0400, 59.99 
1382,8Z0112,ACCE,3/20/2023,2023,1,1,0400, 93.36 
1383,8Z0127,ALAB,3/21/2023,2023,1,1,0400, 10.07 
1384,8Z0127,INTE,3/22/2023,2023,1,1,0400, 10.61 
1385,8Z0231,ACCE,3/23/2023,2023,1,1,0400, 31.25 
1386,8Z0393,ACCE,3/24/2023,2023,1,1,0400, 0.30 
1387,740009,E H ,3/25/2023,2023,1,1,0R01, 7.09 
1388,7F0284,WROU,3/26/2023,2023,1,1,0R01, 2.52 
1389,8Z0073,WEST,3/27/2023,2023,2,1,0400, 10.77 
1390,8Z0112,ACCE,3/28/2023,2023,2,1,0400, 77.00 
1391,8Z0127,ALAB,3/29/2023,2023,2,1,0400, 11.19 
1392,8Z0127,SAPP,3/30/2023,2023,2,1,0400, 10.71 
1393,740009,E H ,3/31/2023,2023,2,1,0R01, 5.01 
1394,8Z0112,ACCE,4/1/2023,2023,3,1,0400, 88.61 
1395,8Z0112,CAVE,4/2/2023,2023,3,1,0400, 11.26 
1396,8Z0127,ALAB,4/3/2023,2023,3,1,0400, 21.13 
1397,8Z0127,INTE,4/4/2023,2023,3,1,0400, 10.34 
1398,8Z0127,SAPP,7/1/2023,2023,3,1,0400, 10.56 
1399,8Z0231,ACCE,7/2/2023,2023,3,1,0400, 26.00 
1400,740009,E H ,7/3/2023,2023,3,1,0R01, 7.78 
1401,8Z0112,ACCE,7/4/2023,2023,4,1,0400, 126.54 
1402,8Z0112,WIRE,7/5/2023,2023,4,1,0400, 17.50 
1403,8Z0127,DOMT,7/6/2023,2023,4,1,0400, 8.89 
1404,8Z0127,NEW ,7/7/2023,2023,4,1,0400, 11.21 
1405,8Z0127,RESO,7/8/2023,2023,4,1,0400, 9.43 
1406,8Z0231,ACCE,7/9/2023,2023,4,1,0400, 9.74 
1407,8Z0393,ACCE,7/10/2023,2023,4,1,0400, 0.64 
1408,740009,E H ,7/11/2023,2023,4,1,0R01, 3.50 
1409,7F0302,ARCO,7/12/2023,2023,4,1,0R01, 10.32 
1410,8Z0112,ACCE,7/13/2023,2023,5,2,0400, 74.73 
1411,8Z0127,INTE,7/14/2023,2023,5,2,0400, 11.11 
1412,8Z0231,ACCE,7/15/2023,2023,5,2,0400, 10.92 
1413,8Z0393,ACCE,7/16/2023,2023,5,2,0400, 4.82 
1414,8Z0073,INTE,7/17/2023,2023,6,2,0400, 10.43 
1415,8Z0073,WEST,7/18/2023,2023,6,2,0400, 11.13 
1416,8Z0112,ACCE,7/19/2023,2023,6,2,0400, 136.65 
1417,8Z0127,ALAB,7/20/2023,2023,6,2,0400, 20.54 
1418,8Z0231,ACCE,7/21/2023,2023,6,2,0400, 60.19 
1419,8Z0393,ACCE,7/22/2023,2023,6,2,0400, 6.09 
1420,740009,E H ,7/23/2023,2023,6,2,0R01, 1.68 
1421,8Z0112,ACCE,7/24/2023,2023,7,2,0400, 148.36 
1422,8Z0127,OVAL,7/25/2023,2023,7,2,0400, 41.96 
1423,8Z0231,ACCE,7/26/2023,2023,7,2,0400, 20.51 
1424,740009,E H ,7/27/2023,2023,7,2,0R01, 9.10 
1425,7F0302,ARCO,7/28/2023,2023,7,2,0R01, 10.67 
1426,8Z0112,ACCE,7/29/2023,2023,8,2,0400, 100.27 
1427,8Z0127,OVAL,7/30/2023,2023,8,2,0400, 10.01 
1428,740009,E H ,7/31/2023,2023,8,2,0R01, 7.83 
1429,8Z0073,INTE,8/1/2023,2023,9,3,0400, 20.99 
1430,8Z0112,ACCE,8/2/2023,2023,9,3,0400, 75.10 
1431,8Z0127,ALAB,8/3/2023,2023,9,3,0400, 9.99 
1432,8Z0127,SAPP,8/4/2023,2023,9,3,0400, 20.68 
1433,740009,E H ,8/5/2023,2023,9,3,0R01, 3.53 
1434,7F0302,ARCO,8/6/2023,2023,9,3,0R01, 10.39 
1435,8Z0112,ACCE,8/7/2023,2023,10,3,0400, 37.03 
1436,8Z0127,ALAB,8/8/2023,2023,10,3,0400, 10.94 
1437,8Z0231,ACCE,8/9/2023,2023,10,3,0400, 14.11 
1438,740009,E H ,8/10/2023,2023,10,3,0R01, 4.42 
1439,8Z0112,ACCE,8/11/2023,2023,11,3,0400, 131.17 
1440,8Z0231,ACCE,8/12/2023,2023,11,3,0400, 30.51 
1441,740009,E H ,8/13/2023,2023,11,3,0R01, 7.05 
1442,8Z0073,INTE,8/14/2023,2023,12,3,0400, 9.75 
1443,8Z0112,ACCE,8/15/2023,2023,12,3,0400, 113.26 
1444,8Z0127,SAPP,8/16/2023,2023,12,3,0400, 21.04 
1445,8Z0231,ACCE,8/17/2023,2023,12,3,0400, 25.16 
1446,740009,E H ,8/18/2023,2023,12,3,0R01, 9.01 
1447,7F0302,ARCO,8/19/2023,2023,12,3,0R01, 2.16 
1448,8Z0073,WEST,8/20/2023,2023,13,3,0400, 15.18 
1449,8Z0112,ACCE,8/21/2023,2023,13,3,0400, 121.71 
1450,8Z0231,ACCE,8/22/2023,2023,13,3,0400, 30.17 
1451,7F0302,ARCO,8/23/2023,2023,13,3,0R01, 10.63 
1452,8Z0073,WEST,9/14/2022,2022,14,4,0400, 5.59 
1453,8Z0112,ACCE,9/15/2022,2022,14,4,0400, 82.10 
1454,740009,E H ,9/16/2022,2022,14,4,0R01, 7.12 
1455,8Z0112,ACCE,9/17/2022,2022,15,4,0400, 73.46 
1456,8Z0127,ALAB,9/18/2022,2022,15,4,0400, 21.03 
1457,8Z0231,ACCE,9/19/2022,2022,15,4,0400, 8.52 
1458,740009,E H ,9/20/2022,2022,15,4,0R01, 8.41 
1459,8Z0073,INTE,9/21/2022,2022,16,4,0400, 10.76 
1460,8Z0112,ACCE,9/22/2022,2022,16,4,0400, 182.21 
1461,8Z0127,INTE,9/23/2022,2022,16,4,0400, 10.80 
1462,8Z0127,NEW ,9/24/2022,2022,16,4,0400, 11.32 
1463,8Z0231,ACCE,9/25/2022,2022,16,4,0400, 8.48 
1464,8Z0393,ACCE,9/26/2022,2022,16,4,0400, 0.54 
1465,740009,E H ,9/27/2022,2022,16,4,0R01, 7.85 
1466,7F0302,ARCO,9/28/2022,2022,16,4,0R01, 10.38 
1467,8Z0112,ACCE,9/29/2022,2022,17,4,0400, 85.26 
1468,8Z0127,ALAB,9/30/2022,2022,17,4,0400, 21.20 
1469,8Z0231,ACCE,10/1/2022,2022,17,4,0400, 15.12 
1470,8Z0393,ACCE,10/2/2022,2022,17,4,0400, 1.11 
1471,740009,E H ,10/3/2022,2022,17,4,0R01, 2.49 
1472,8Z0112,ACCE,10/4/2022,2022,18,5,0400, 162.35 
1473,8Z0127,INTE,10/5/2022,2022,18,5,0400, 20.66 
1474,8Z0127,NEW ,10/6/2022,2022,18,5,0400, 10.35 
1475,8Z0231,ACCE,10/7/2022,2022,18,5,0400, 9.90 
1476,8Z0393,ACCE,10/8/2022,2022,18,5,0400, 2.04 
1477,740009,E H ,10/9/2022,2022,18,5,0R01, 12.35 
1478,7F0302,ARCO,10/10/2022,2022,18,5,0R01, 0.92 
1479,8Z0112,ACCE,10/11/2022,2022,19,5,0400, 221.41 
1480,8Z0127,RESO,10/12/2022,2022,19,5,0400, 9.27 
1481,8Z0231,ACCE,10/13/2022,2022,19,5,0400, 10.24 
1482,8Z0112,ACCE,10/14/2022,2022,20,5,0400, 209.45 
1483,8Z0231,ACCE,10/15/2022,2022,20,5,0400, 4.05 
1484,8Z0393,ACCE,10/16/2022,2022,20,5,0400, 2.12 
1485,740009,E H ,10/17/2022,2022,20,5,0R01, 12.87 
1486,740009,E H ,10/18/2022,2022,21,5,0R01, 8.92 
1487,8Z0112,ACCE,10/19/2022,2022,22,6,0400, 98.03 
1488,8Z0127,ALAB,10/20/2022,2022,22,6,0400, 20.63 
1489,8Z0127,OVAL,10/21/2022,2022,22,6,0400, 21.10 
1490,740009,E H ,10/22/2022,2022,22,6,0R01, 6.77 
1491,8Z0112,ACCE,10/23/2022,2022,23,6,0400, 146.23 
1492,8Z0127,INTE,10/24/2022,2022,23,6,0400, 11.26 
1493,8Z0231,ACCE,10/25/2022,2022,23,6,0400, 20.15 
1494,8Z0393,ACCE,10/26/2022,2022,23,6,0400, 0.60 
1495,740009,E H ,10/27/2022,2022,23,6,0R01, 6.87 
1496,8Z0112,ACCE,10/28/2022,2022,24,6,0400, 41.57 
1497,8Z0112,ACCE,10/29/2022,2022,25,6,0400, 84.38 
1498,8Z0127,ALAB,10/30/2022,2022,25,6,0400, 20.75 
1499,8Z0127,INTE,10/31/2022,2022,25,6,0400, 20.87 
1500,8Z0231,ACCE,11/1/2022,2022,25,6,0400, 3.07 
1501,740009,E H ,11/2/2022,2022,25,6,0R01, 2.60 
1502,8Z0112,ACCE,11/3/2022,2022,26,6,0400, 41.55 
1503,8Z0127,ALAB,11/4/2022,2022,26,6,0400, 21.35 
1504,8Z0127,INTE,11/5/2022,2022,26,6,0400, 10.87 
1505,8Z0127,INTE,11/6/2022,2022,26,6,0400, 10.13 
1506,8Z0127,NEW ,11/7/2022,2022,26,6,0400, 21.17 
1507,740009,E H ,11/8/2022,2022,26,6,0R01, 1.75 
1508,8Z0112,ACCE,11/9/2022,2022,27,7,0400, 151.58 
1509,8Z0127,INTE,11/10/2022,2022,27,7,0400, 21.28 
1510,740009,E H ,11/11/2022,2022,27,7,0R01, 3.50 
1511,8Z0112,ACCE,11/12/2022,2022,28,7,0400, 105.02 
1512,8Z0127,INTE,11/13/2022,2022,28,7,0400, 10.93 
1513,8Z0231,ACCE,11/14/2022,2022,28,7,0400, 11.33 
1514,8Z0393,ACCE,11/15/2022,2022,28,7,0400, 2.45 
1515,740009,E H ,11/16/2022,2022,28,7,0R01, 8.80 
1516,7F0302,ARCO,11/17/2022,2022,28,7,0R01, 9.29 
1517,8Z0112,ACCE,11/18/2022,2022,29,7,0400, 60.32 
1518,8Z0127,ALAB,11/19/2022,2022,29,7,0400, 20.08 
1519,740009,E H ,11/20/2022,2022,29,7,0R01, 3.51 
1520,8Z0112,ACCE,11/21/2022,2022,30,7,0400, 107.27 
1521,8Z0127,INTE,11/22/2022,2022,30,7,0400, 10.62 
1522,8Z0127,NEW ,11/23/2022,2022,30,7,0400, 20.35 
1523,8Z0231,ACCE,11/24/2022,2022,30,7,0400, 7.74 
1524,8Z0393,ACCE,11/25/2022,2022,30,7,0400, 0.61 
1525,740009,E H ,11/26/2022,2022,30,7,0R01, 8.26 
1526,8Z0112,ACCE,11/27/2022,2022,31,8,0400, 82.93 
1527,8Z0127,INTE,11/28/2022,2022,31,8,0400, 20.81 
1528,8Z0231,ACCE,11/29/2022,2022,31,8,0400, 17.39 
1529,740009,E H ,11/30/2022,2022,31,8,0R01, 1.77 
1530,8Z0112,ACCE,12/1/2022,2022,32,8,0400, 120.67 
